{
  "firestore": {
    "rules": "firestore.rules",
    "indexes": "firestore.indexes.json"
  },
  "functions": {
    "predeploy": [
      "npm --prefix \"$RESOURCE_DIR\" run lint",
      "npm --prefix \"$RESOURCE_DIR\" run build"
    ]
  },
  "hosting": {
    "public": "dist",
    "ignore": ["firebase.json", "**/.*", "**/node_modules/**"],
    "rewrites": [
      { "source": "/ads.txt", "destination": "/assets/ads.txt" },
      {
        "source": "**",
        "destination": "/index.html"
      }
    ]
  },
  "storage": {
    "rules": "storage.rules"
  }
}
